Designator,Footprint,Quantity,Value,LCSC Part #
"BT1, BT2",BAT_CR2032-BS-6-1,2,CR2032 (3V), C70377
C1,0603,1,0.1uF,
C2,0603,1,0.1uF,
C3,0603,1,22pF,
C4,0603,1,4.7uF,
C5,0603,1,22pF,
C6,0603,1,10uF,
C7,0603,1,1uF,
"C8, C9",CP_EIA-3216-18_Kemet-A,2,10uF,C7171
D1,0805,1,LED_Small,
D10,0805,1,LED_Small,
D11,0805,1,LED_Small,
D12,0805,1,LED_Small,
D13,0805,1,LED_Small,
D14,0805,1,LED_Small,
D15,0805,1,LED_Small,
D16,0805,1,LED_Small,
D2,0805,1,LED_Small,
D3,0805,1,LED_Small,
D4,0805,1,LED_Small,
D5,0805,1,LED_Small,
D6,0805,1,LED_Small,
D7,0805,1,LED_Small,
D8,0805,1,LED_Small,
D9,0805,1,LED_Small,
J1,USB_C_Receptacle_HRO_TYPE-C-31-M-12,1,USB_C_Receptacle_USB2.0, C165948
Q1,SOT-23,1,Q_PMOS_GSD, C15127
R1,0603,1,5.1K,
R10,0603,1,220,
R11,0603,1,220,
R12,0603,1,220,
R13,0603,1,220,
R14,0603,1,220,
R15,0603,1,10K,
R16,0603,1,220,
R17,0603,1,220,
R18,0603,1,220,
R19,0603,1,220,
R2,0603,1,5.1K,
R20,0603,1,220,
R21,0603,1,220,
R22,0603,1,220,
R23,0603,1,220,
R26,0603,1,10K,
R3,0603,1,22,
R4,0603,1,22,
R5,0603,1,10K,
R6,0603,1,100K,
R7,0603,1,220,
R8,0603,1,220,
R9,0603,1,220,
SW1,SW-SMD_MK-12C02-G020,1,SW_SPDT,C963206
"SW2, SW5",SW_TS-1187A-B-A-B,2,SW_Push,C318884
U1,SOT-223-3_TabPin2,1,AMS1117-5.0,C6187
U2,TQFP-32_7x7mm_P0.8mm,1,ATmega16U2-A,C59019
Y1,Crystal_SMD_3225-4Pin_3.2x2.5mm,1,Crystal_GND24,C13738
